<?xml version="1.0" encoding="UTF-8"?><?xml-stylesheet type='text/xsl' href='_UpgradeReport_Files/UpgradeReport.xslt'?><UpgradeLog>
<Properties><Property Name="Solution" Value="ca5">
</Property><Property Name="Solution File" Value="F:\Dropbox\Vyuka\PJ II 2013\PJII2013\prezencni\7\IO\ca5.sln">
</Property><Property Name="Date" Value="24. března 2013">
</Property><Property Name="Time" Value="22:28:07">
</Property></Properties><Event ErrorLevel="1" Project="ca5" Source="ca5.csproj" Description="Your project is targeting .NET Framework 2.0 or 3.0. If your project uses assemblies requiring a newer .NET Framework, your project will fail to build. You can change the .NET Framework version by clicking Properties on the project menu and then selecting a new version in the '.NET Framework' dropdown box. (In Visual Basic, this is located on the Compile tab by clicking the 'Advanced Compiler Options...' button.)">
</Event><Event ErrorLevel="0" Project="ca5" Source="ca5.csproj" Description="Project converted successfully">
</Event><Event ErrorLevel="3" Project="ca5" Source="ca5.csproj" Description="Converted">
</Event><Event ErrorLevel="0" Project="ca5" Source="ca5.csproj" Description="Scan complete: Upgrade not required for project files.">
</Event></UpgradeLog>