﻿<?xml version='1.0'?>
<bookstore xmlns="http://example.books.com"
           xmlns:xsi="http://www.w3.org/2001/XMLSchema-instance">
  <book genre="A"
        publicationdate="1981"
        ISBN="1-11111-11-0">
    <title>title 1</title>
    <author>
      <first-name>A</first-name>
      <last-name>B</last-name>
    </author>
    <price>8</price>
  </book>
  <book genre="B"
        publicationdate="1999"
        ISBN="0-222-22222-2">
    <title>title 2</title>
    <author>
      <first-name>C</first-name>
      <last-name>D</last-name>
    </author>
    <price>11.99</price>
  </book>
</bookstore>
